fqn,type,description,comment,deprecated,instances
Vehicle,branch,High-level vehicle data.,,,[]
Vehicle.Powertrain,branch,"Powertrain data for battery management, etc.",,,[]
Vehicle.Powertrain.CombustionEngine,branch,"Engine-specific data, stopping at the bell housing.",,,[]
Vehicle.Powertrain.CombustionEngine.EngineOil,branch,Signals related to the engine oil,,,[]
Vehicle.Powertrain.CombustionEngine.EngineCoolant,branch,Signals related to the engine coolant,,,[]
Vehicle.Powertrain.CombustionEngine.DieselExhaustFluid,branch,Signals related to Diesel Exhaust Fluid (DEF). DEF is called AUS32 in ISO 22241.,In retail and marketing other names are typically used for the fluid.,,[]
Vehicle.Powertrain.CombustionEngine.DieselParticulateFilter,branch,Diesel Particulate Filter signals.,,,[]
Vehicle.Powertrain.Transmission,branch,"Transmission-specific data, stopping at the drive shafts.",,,[]
Vehicle.Powertrain.ElectricMotor,branch,Electric Motor specific data.,,,[]
Vehicle.Powertrain.ElectricMotor.EngineCoolant,branch,Signals related to the engine coolant (if applicable).,,,[]
Vehicle.Powertrain.TractionBattery,branch,Battery Management data.,,,[]
Vehicle.Powertrain.TractionBattery.Temperature,branch,Temperature Information for the battery pack.,,,[]
Vehicle.Powertrain.TractionBattery.CellVoltage,branch,Voltage information for cells in the battery pack.,,,[]
Vehicle.Powertrain.TractionBattery.StateOfCharge,branch,Information on the state of charge of the vehicle's high voltage battery.,,,[]
Vehicle.Powertrain.TractionBattery.Charging,branch,Properties related to battery charging.,,,[]
Vehicle.Powertrain.TractionBattery.Charging.ChargingPort,branch,Properties related to a particular charging port available in the vehicle.,"If a vehicle has a single charging port, then use the instance AnyPosition.",,"[['FrontLeft', 'FrontMiddle', 'FrontRight', 'RearLeft', 'RearMiddle', 'RearRight', 'AnyPosition']]"
Vehicle.Powertrain.TractionBattery.Charging.MaximumChargingCurrent,branch,"Maximum charging current that can be accepted by the system, as measured at the charging inlet.",,,[]
Vehicle.Powertrain.TractionBattery.Charging.ChargeCurrent,branch,Current charging current.,,,[]
Vehicle.Powertrain.TractionBattery.Charging.ChargeVoltage,branch,"Current charging voltage, as measured at the charging inlet.",,,[]
Vehicle.Powertrain.TractionBattery.Charging.Location,branch,Location of last or current charging event.,"This may depending on implementation represent the location of (the charge port of) the vehicle during charging, or the actual location of the charger/load connected to the vehicle.",,[]
Vehicle.Powertrain.TractionBattery.Charging.Timer,branch,Properties related to timing of battery charging sessions.,,,[]
Vehicle.Powertrain.TractionBattery.DCDC,branch,"Properties related to DC/DC converter converting high voltage (from high voltage battery) to vehicle low voltage (supply voltage, typically 12 Volts).",,,[]
Vehicle.Powertrain.TractionBattery.BatteryConditioning,branch,Properties related to preparing the vehicle battery for charging or driving.,,,[]
Vehicle.Powertrain.FuelSystem,branch,Fuel system data.,,,[]
Vehicle.Body,branch,All body components.,,,[]
Vehicle.Body.Hood,branch,Hood status. Start position for Hood is Closed.,"The hood is the hinged cover over the engine compartment of a motor vehicles. Depending on vehicle, it can be either in the front or back of the vehicle. Luggage compartments are in VSS called trunks, even if they are located at the front of the vehicle.",,[]
Vehicle.Body.Trunk,branch,Trunk status. Start position for Trunk is Closed.,"A trunk is a luggage compartment in a vehicle. Depending on vehicle, it can be either in the front or back of the vehicle. Some vehicles may have trunks both at the front and at the rear of the vehicle.",,"['Front', 'Rear']"
Vehicle.Body.Horn,branch,Horn signals.,,,[]
Vehicle.Body.Raindetection,branch,Rain sensor signals.,,,[]
Vehicle.Body.Windshield,branch,Windshield signals.,,,"['Front', 'Rear']"
Vehicle.Body.Windshield.Wiping,branch,Windshield wiper signals.,,,[]
Vehicle.Body.Windshield.Wiping.System,branch,Signals to control behavior of wipers in detail. By default VSS expects only one instance.,These signals are typically not directly available to the user/driver of the vehicle. The overlay in overlays/extensions/dual_wiper_systems.vspec can be used to modify this branch to support two instances; Primary and Secondary.,,[]
Vehicle.Body.Windshield.WasherFluid,branch,Windshield washer fluid signals,,,[]
Vehicle.Body.Lights,branch,Exterior lights.,,,[]
Vehicle.Body.Lights.Beam,branch,Beam lights.,,,"['Low', 'High']"
Vehicle.Body.Lights.Running,branch,Daytime running lights (DRL).,,,[]
Vehicle.Body.Lights.Backup,branch,Backup lights.,,,[]
Vehicle.Body.Lights.Parking,branch,Parking lights.,,,[]
Vehicle.Body.Lights.Fog,branch,Fog lights.,,,"['Rear', 'Front']"
Vehicle.Body.Lights.LicensePlate,branch,License plate lights.,,,[]
Vehicle.Body.Lights.Brake,branch,Brake lights.,,,[]
Vehicle.Body.Lights.Hazard,branch,Hazard lights.,,,[]
Vehicle.Body.Lights.DirectionIndicator,branch,Indicator lights.,,,"['Left', 'Right']"
Vehicle.Body.Mirrors,branch,All mirrors.,,,"['DriverSide', 'PassengerSide']"
Vehicle.Cabin,branch,"All in-cabin components, including doors.",,,[]
Vehicle.Cabin.RearShade,branch,"Rear window shade. Open = Retracted, Closed = Deployed. Start position for RearShade is Open/Retracted.",,,[]
Vehicle.Cabin.HVAC,branch,Climate control,,,[]
Vehicle.Cabin.HVAC.Station,branch,HVAC for single station in the vehicle,,,"['Row[1,4]', ['Driver', 'Passenger']]"
Vehicle.Cabin.Infotainment,branch,Infotainment system.,,,[]
Vehicle.Cabin.Infotainment.Media,branch,All Media actions,,,[]
Vehicle.Cabin.Infotainment.Media.Played,branch,Collection of signals updated in concert when a new media is played,,,[]
Vehicle.Cabin.Infotainment.Navigation,branch,All navigation actions,,,[]
Vehicle.Cabin.Infotainment.Navigation.DestinationSet,branch,A navigation has been selected.,,,[]
Vehicle.Cabin.Infotainment.Navigation.Map,branch,All map actions,,,[]
Vehicle.Cabin.Infotainment.HMI,branch,HMI related signals,,,[]
Vehicle.Cabin.Infotainment.SmartphoneProjection,branch,All smartphone projection actions.,Smartphone projection exposes or controls specific applications on the Smartphone on the vehicle infotainment system.,,[]
Vehicle.Cabin.Infotainment.SmartphoneScreenMirroring,branch,All smartphone screen mirroring actions.,Smartphone screen mirroring mirrors the whole screen of the Smartphone on the vehicle infotainment system.,,[]
Vehicle.Cabin.Sunroof,branch,Sun roof status.,,,[]
Vehicle.Cabin.Sunroof.Shade,branch,"Sun roof shade status. Open = Retracted, Closed = Deployed. Start position for Sunroof.Shade is Open/Retracted.",,,[]
Vehicle.Cabin.RearviewMirror,branch,Rear-view mirror.,,,[]
Vehicle.Cabin.Light,branch,Light that is part of the Cabin.,"V4.0 branch renamed from ""Lights"" to ""Light"" to comply with singular naming of entities. Use SingleConfigurableLight.vspec to describe interior lights that can be configured.",,[]
Vehicle.Cabin.Light.Spotlight,branch,Spotlight for a specific area in the vehicle.,,,"['Row[1,4]', ['DriverSide', 'PassengerSide']]"
Vehicle.Cabin.Light.AmbientLight,branch,"Decorative coloured light inside the cabin, usually mounted on the door, ceiling, etc.",,,"['Row[1,2]', ['DriverSide', 'PassengerSide']]"
Vehicle.Cabin.Light.InteractiveLightBar,branch,"Decorative coloured light bar that supports effects, usually mounted on the dashboard (e.g. BMW i7 Interactive bar).",,,[]
Vehicle.Cabin.Door,branch,"All doors, including windows and switches.",,,"['Row[1,2]', ['DriverSide', 'PassengerSide']]"
Vehicle.Cabin.Door.Window,branch,Door window status. Start position for Window is Closed.,,,[]
Vehicle.Cabin.Door.Shade,branch,"Side window shade. Open = Retracted, Closed = Deployed. Start position for Shade is Open/Retracted.",,,[]
Vehicle.Cabin.Seat,branch,All seats.,,,"['Row[1,2]', ['DriverSide', 'Middle', 'PassengerSide']]"
Vehicle.Cabin.Seat.Occupant,branch,Occupant data.,,,[]
Vehicle.Cabin.Seat.Occupant.Identifier,branch,Identifier attributes based on OAuth 2.0.,,,[]
Vehicle.Cabin.Seat.Backrest,branch,Describes signals related to the backrest of the seat.,,,[]
Vehicle.Cabin.Seat.Backrest.Lumbar,branch,Adjustable lumbar support mechanisms in seats allow the user to change the seat back shape.,,,[]
Vehicle.Cabin.Seat.Backrest.SideBolster,branch,Backrest side bolster (lumbar side support) settings.,,,[]
Vehicle.Cabin.Seat.Seating,branch,Describes signals related to the seat bottom of the seat.,Seating is here considered as the part of the seat that supports the thighs. Additional cushions (if any) for support of lower legs is not covered by this branch.,,[]
Vehicle.Cabin.Seat.Headrest,branch,Headrest settings.,,,[]
Vehicle.Cabin.Seat.Airbag,branch,Airbag signals.,,,[]
Vehicle.Cabin.Seat.Switch,branch,Seat switch signals,,,[]
Vehicle.Cabin.Seat.Switch.Backrest,branch,Describes switches related to the backrest of the seat.,,,[]
Vehicle.Cabin.Seat.Switch.Backrest.Lumbar,branch,Switches for SingleSeat.Backrest.Lumbar.,,,[]
Vehicle.Cabin.Seat.Switch.Backrest.SideBolster,branch,Switches for SingleSeat.Backrest.SideBolster.,,,[]
Vehicle.Cabin.Seat.Switch.Seating,branch,Describes switches related to the seating of the seat.,,,[]
Vehicle.Cabin.Seat.Switch.Headrest,branch,Switches for SingleSeat.Headrest.,,,[]
Vehicle.Cabin.Seat.Switch.Massage,branch,Switches for SingleSeat.Massage.,,,[]
Vehicle.Cabin.Convertible,branch,Convertible roof.,,,[]
Vehicle.ADAS,branch,All Advanced Driver Assist Systems data.,,,[]
Vehicle.ADAS.CruiseControl,branch,Signals from Cruise Control system.,,,[]
Vehicle.ADAS.LaneDepartureDetection,branch,Signals from Lane Departure Detection System.,,,[]
Vehicle.ADAS.ObstacleDetection,branch,Signals form Obstacle Sensor System.,,,[]
Vehicle.ADAS.ABS,branch,Antilock Braking System signals.,,,[]
Vehicle.ADAS.TCS,branch,Traction Control System signals.,,,[]
Vehicle.ADAS.ESC,branch,Electronic Stability Control System signals.,,,[]
Vehicle.ADAS.ESC.RoadFriction,branch,Road friction values reported by the ESC system.,,,[]
Vehicle.ADAS.EBD,branch,Electronic Brakeforce Distribution (EBD) System signals.,,,[]
Vehicle.ADAS.EBA,branch,Emergency Brake Assist (EBA) System signals.,,,[]
Vehicle.ADAS.DMS,branch,Driver Monitoring System signals.,,,[]
Vehicle.Chassis,branch,"All data concerning steering, suspension, wheels, and brakes.",,,[]
Vehicle.Chassis.Axle,branch,Axle signals,,,"['Row[1,2]']"
Vehicle.Chassis.Axle.Wheel,branch,Wheel signals for axle,,,"['Left', 'Right']"
Vehicle.Chassis.Axle.Wheel.Brake,branch,Brake signals for wheel,,,[]
Vehicle.Chassis.Axle.Wheel.Tire,branch,Tire signals for wheel.,,,[]
Vehicle.Chassis.ParkingBrake,branch,Parking brake signals,,,[]
Vehicle.Chassis.SteeringWheel,branch,Steering wheel signals,,,[]
Vehicle.Chassis.Accelerator,branch,Accelerator signals,,,[]
Vehicle.Chassis.Brake,branch,Brake system signals,,,[]
Vehicle.OBD,branch,OBD data.,,,[]
Vehicle.OBD.Status,branch,PID 01 - OBD status,,,[]
Vehicle.OBD.O2,branch,Oxygen sensors (PID 14 - PID 1B),,,"['Sensor[1,8]']"
Vehicle.OBD.O2WR,branch,Wide range/band oxygen sensors (PID 24 - 2B and PID 34 - 3B),,,"['Sensor[1,8]']"
Vehicle.OBD.Catalyst,branch,Catalyst signals,,,[]
Vehicle.OBD.Catalyst.Bank1,branch,Catalyst bank 1 signals,,,[]
Vehicle.OBD.Catalyst.Bank2,branch,Catalyst bank 2 signals,,,[]
Vehicle.OBD.DriveCycleStatus,branch,PID 41 - OBD status for the current drive cycle,,,[]
Vehicle.Driver,branch,Driver data.,,,[]
Vehicle.Driver.Identifier,branch,Identifier attributes based on OAuth 2.0.,,,[]
Vehicle.Occupant,branch,Occupant (Driver or Passenger) data.,,,"['Row[1,2]', ['DriverSide', 'Middle', 'PassengerSide']]"
Vehicle.Occupant.Identifier,branch,Identifier attributes based on OAuth 2.0.,,,[]
Vehicle.Occupant.HeadPosition,branch,The current position of the driver head on vehicle axis according to ISO 23150:2023.,,,[]
Vehicle.Occupant.MidEyeGaze,branch,Direction from mid eye position to object driver is looking at.,,,[]
Vehicle.Exterior,branch,Information about exterior measured by vehicle.,,,[]
Vehicle.Service,branch,Service data.,,,[]
Vehicle.Connectivity,branch,Connectivity data.,,,[]
Vehicle.VersionVSS,branch,Supported Version of VSS.,,,[]
Vehicle.VehicleIdentification,branch,Attributes that identify a vehicle.,,,[]
Vehicle.LowVoltageBattery,branch,Signals related to low voltage battery.,,,[]
Vehicle.Acceleration,branch,Spatial acceleration. Axis definitions according to ISO 8855.,,,[]
Vehicle.AngularVelocity,branch,Spatial rotation. Axis definitions according to ISO 8855.,,,[]
Vehicle.Trailer,branch,Trailer signals.,,,[]
Vehicle.CurrentLocation,branch,The current latitude and longitude of the vehicle.,,,[]
Vehicle.CurrentLocation.GNSSReceiver,branch,Information on the GNSS receiver used for determining current location.,,,[]
Vehicle.CurrentLocation.GNSSReceiver.MountingPosition,branch,Mounting position of GNSS receiver antenna relative to vehicle coordinate system. Axis definitions according to ISO 8855. Origin at center of (first) rear axle.,,,[]
Vehicle.Diagnostics,branch,Diagnostics data.,,,[]
